Zalando_Email,Zalando_Password,IS_Change_Email[y/n],New_Email,Interia_Email,Interia_Password
adrian.stepien@eioa.pl,Papryakare2ad!@,dawda,dawdaw,w,w
agnieszka.szymanska@eioa.pl,Papryakare2ad!@,dawda,dawdaw,w,w
aleksandra.zajac@eioa.pl,Papryakare2ad!@,dawda,dawdaw,w,w
anna.nowak@eioa.pl,Papryakare2ad!@,dawda,dawdaw,w,w
bartosz.jaworski@eioa.pl,Papryakare2ad!@,dawda,dawdaw,w,w
damian.dudek@eioa.pl,Papryakare2ad!@,dawda,dawdaw,w,w
dawid.chmielewski@eioa.pl,Papryakare2ad!@,dawda,dawdaw,w,w
dominik.olszewski@eioa.pl,Papryakare2ad!@,dawda,dawdaw,w,w
ema.kopec@eioa.pl,Papryakare2ad!@,dawda,dawdaw,w,w
filip.czajka@eioa.pl,Papryakare2ad!@,dawda,dawdaw,w,w
gabriela.majewska@eioa.pl,Papryakare2ad!@,dawda,dawdaw,w,w
grzegorz.borkowski@eioa.pl,Papryakare2ad!@,dawda,dawdaw,w,w
izabela.gorska@eioa.pl,Papryakare2ad!@,dawda,dawdaw,w,w
jacek.wojciechowski@eioa.pl,Papryakare2ad!@,dawda,dawdaw,w,w
jan.kowalski@eioa.pl,Papryakare2ad!@,dawda,dawdaw,w,w
joanna.dabrowska@eioa.pl,Papryakare2ad!@,dawda,dawdaw,w,w
julita.lis@eioa.pl,Papryakare2ad!@,dawda,dawdaw,w,w
justyna.michalska@eioa.pl,Papryakare2ad!@,dawda,dawdaw,w,w
kamila.baran@eioa.pl,Papryakare2ad!@,dawda,dawdaw,w,w
karolina.wrobel@eioa.pl,Papryakare2ad!@,dawda,dawdaw,w,w
katarzyna.wojcik@eioa.pl,Papryakare2ad!@,dawda,dawdaw,w,w
kinga.malinowska@eioa.pl,Papryakare2ad!@,dawda,dawdaw,w,w
klaudia.adamczyk@eioa.pl,Papryakare2ad!@,dawda,dawdaw,w,w
konrad.sadowski@eioa.pl,Papryakare2ad!@,dawda,dawdaw,w,w
krzysztof.mazur@eioa.pl,Papryakare2ad!@,dawda,dawdaw,w,w
lena.wasilewska@eioa.pl,Papryakare2ad!@,dawda,dawdaw,w,w
lukasz.piotrowski@eioa.pl,Papryakare2ad!@,dawda,dawdaw,w,w
magdalena.lewandowska@eioa.pl,Papryakare2ad!@,dawda,dawdaw,w,w
marcin.pawlak@eioa.pl,Papryakare2ad!@,dawda,dawdaw,w,w
mariusz.sikora@eioa.pl,Papryakare2ad!@,dawda,dawdaw,w,w
martyna.cieslak@eioa.pl,Papryakare2ad!@,dawda,dawdaw,w,w
mateusz.wozniak@eioa.pl,Papryakare2ad!@,dawda,dawdaw,w,w
michal.kozlowski@eioa.pl,Papryakare2ad!@,dawda,dawdaw,w,w
monika.jankowska@eioa.pl,Papryakare2ad!@,dawda,dawdaw,w,w
natalia.krawczyk@eioa.pl,Papryakare2ad!@,dawda,dawdaw,w,w
norbert.kubiak@eioa.pl,Papryakare2ad!@,dawda,dawdaw,w,w
olga.walczak@eioa.pl,Papryakare2ad!@,dawda,dawdaw,w,w
patryk.maciejewski@eioa.pl,Papryakare2ad!@,dawda,dawdaw,w,w
paulina.jablonska@eioa.pl,Papryakare2ad!@,dawda,dawdaw,w,w
pawel.kami≈Ñski@eioa.pl,Papryakare2ad!@,dawda,dawdaw,w,w
piotr.wisniewski@eioa.pl,Papryakare2ad!@,dawda,dawdaw,w,w
pola.wieczorek@eioa.pl,Papryakare2ad!@,dawda,dawdaw,w,w
przemyslaw.urbanski@eioa.pl,Papryakare2ad!@,dawda,dawdaw,w,w
rafal.witkowski@eioa.pl,Papryakare2ad!@,dawda,dawdaw,w,w
sebastian.nowicki@eioa.pl,Papryakare2ad!@,dawda,dawdaw,w,w
szymon.kaczmarek@eioa.pl,Papryakare2ad!@,dawda,dawdaw,w,w
tomasz.zielinski@eioa.pl,Papryakare2ad!@,dawda,dawdaw,w,w
weronika.grabowska@eioa.pl,Papryakare2ad!@,dawda,dawdaw,w,w
wiktoria.szulc@eioa.pl,Papryakare2ad!@,dawda,dawdaw,w,w
zuzanna.krupa@eioa.pl,Papryakare2ad!@,dawda,dawdaw,w,w